1872,Curtis Stinson,https://basketball.realgm.com/player/Curtis-Stinson/Summary/1872
2729,Mauricio Aguiar,https://basketball.realgm.com/player/Mauricio-Aguiar/Summary/2729
5516,Evan Brock,https://basketball.realgm.com/player/Evan-Brock/Summary/5516
33511,Wictor Grenthe,https://basketball.realgm.com/player/Wictor-Grenthe/Summary/33511
33487,Stefan Grundberg,https://basketball.realgm.com/player/Stefan-Grundberg/Summary/33487
205,Walter Herrmann,https://basketball.realgm.com/player/Walter-Herrmann/Summary/205
11650,Caleb Brown,https://basketball.realgm.com/player/Caleb-Brown/Summary/11650
3840,C.J. Jackson,https://basketball.realgm.com/player/CJ-Jackson/Summary/3840
22741,Desmond Holloway,https://basketball.realgm.com/player/Desmond-Holloway/Summary/22741
5913,J.P. Prince,https://basketball.realgm.com/player/JP-Prince/Summary/5913
40550,Alonso Izaguirre,https://basketball.realgm.com/player/Alonso-Izaguirre/Summary/40550
13729,Seth Scott,https://basketball.realgm.com/player/Seth-Scott/Summary/13729
11607,Leon Williams,https://basketball.realgm.com/player/Leon-Williams/Summary/11607
18885,Ricardo Marsh,https://basketball.realgm.com/player/Ricardo-Marsh/Summary/18885
362,Joey Graham,https://basketball.realgm.com/player/Joey-Graham/Summary/362
26413,Renan Leichtweis,https://basketball.realgm.com/player/Renan-Leichtweis/Summary/26413
30678,Jefferson Socas,https://basketball.realgm.com/player/Jefferson-Socas/Summary/30678
30296,Lukasz Majewski,https://basketball.realgm.com/player/Lukasz-Majewski/Summary/30296
25981,Daniel Persson,https://basketball.realgm.com/player/Daniel-Persson/Summary/25981
32451,Kamil Laczynski,https://basketball.realgm.com/player/Kamil-Laczynski/Summary/32451
26957,Maarten Rademakers,https://basketball.realgm.com/player/Maarten-Rademakers/Summary/26957
8332,Mike Hart,https://basketball.realgm.com/player/Mike-Hart/Summary/8332
27840,Dorde Simeunovic,https://basketball.realgm.com/player/Dorde-Simeunovic/Summary/27840
26316,Juan Rangel,https://basketball.realgm.com/player/Juan-Rangel/Summary/26316
40535,Raul Navarro,https://basketball.realgm.com/player/Raul-Navarro/Summary/40535
30699,Milenko Veljkovic,https://basketball.realgm.com/player/Milenko-Veljkovic/Summary/30699
49573,Radovan Dokovic,https://basketball.realgm.com/player/Radovan-Dokovic/Summary/49573
51298,Jesus Efren Rubio Rosales,https://basketball.realgm.com/player/Jesus-Efren-Rubio-Rosales/Summary/51298
51299,Derwin Gage,https://basketball.realgm.com/player/Derwin-Gage/Summary/51299
9216,Gary Wilkinson,https://basketball.realgm.com/player/Gary-Wilkinson/Summary/9216
6373,Jordan Theodore,https://basketball.realgm.com/player/Jordan-Theodore/Summary/6373
6697,Sylvester Seay,https://basketball.realgm.com/player/Sylvester-Seay/Summary/6697
8295,John Tofi,https://basketball.realgm.com/player/John-Tofi/Summary/8295
16618,Eugene Phelps,https://basketball.realgm.com/player/Eugene-Phelps/Summary/16618
40736,Justin Griffin,https://basketball.realgm.com/player/Justin-Griffin/Summary/40736
1812,Robert Battle,https://basketball.realgm.com/player/Robert-Battle/Summary/1812
1858,Frank Elegar,https://basketball.realgm.com/player/Frank-Elegar/Summary/1858
40538,Jesus Gonzalez,https://basketball.realgm.com/player/Jesus-Gonzalez/Summary/40538
40575,Raul Berrelleza,https://basketball.realgm.com/player/Raul-Berrelleza/Summary/40575
51233,Jacinto Romero,https://basketball.realgm.com/player/Jacinto-Romero/Summary/51233
51235,Santiago Arturo Arvayo Villa,https://basketball.realgm.com/player/Santiago-Arturo-Arvayo-Villa/Summary/51235
42514,Greg Lanier Preer,https://basketball.realgm.com/player/Greg-Lanier-Preer/Summary/42514
51234,Paul Castro,https://basketball.realgm.com/player/Paul-Castro/Summary/51234
3553,Steffphon Pettigrew,https://basketball.realgm.com/player/Steffphon-Pettigrew/Summary/3553
40909,Andre Bresolin,https://basketball.realgm.com/player/Andre-Bresolin/Summary/40909
27901,Arthur Rozenfeld,https://basketball.realgm.com/player/Arthur-Rozenfeld/Summary/27901
5790,Zach Graham,https://basketball.realgm.com/player/Zach-Graham/Summary/5790
9457,Marqus Blakely,https://basketball.realgm.com/player/Marqus-Blakely/Summary/9457
1895,Justin Cage,https://basketball.realgm.com/player/Justin-Cage/Summary/1895
9086,Wendell McKines,https://basketball.realgm.com/player/Wendell-McKines/Summary/9086
28116,Souarata Cisse,https://basketball.realgm.com/player/Souarata-Cisse/Summary/28116
8734,Doron Perkins,https://basketball.realgm.com/player/Doron-Perkins/Summary/8734
8751,Steve Ross,https://basketball.realgm.com/player/Steve-Ross/Summary/8751
8877,Ahmet Gueye,https://basketball.realgm.com/player/Ahmet-Gueye/Summary/8877
29655,Geoffrey Hockins,https://basketball.realgm.com/player/Geoffrey-Hockins/Summary/29655
4241,Brandon Ubel,https://basketball.realgm.com/player/Brandon-Ubel/Summary/4241
51013,Xavier Galera,https://basketball.realgm.com/player/Xavier-Galera/Summary/51013
17970,Ray Barbosa,https://basketball.realgm.com/player/Ray-Barbosa/Summary/17970
1055,Renaldo Major,https://basketball.realgm.com/player/Renaldo-Major/Summary/1055
2368,Yancy Gates,https://basketball.realgm.com/player/Yancy-Gates/Summary/2368
2190,Mike Rosario,https://basketball.realgm.com/player/Mike-Rosario/Summary/2190
122,Loukas Mavrokefalidis,https://basketball.realgm.com/player/Loukas-Mavrokefalidis/Summary/122
814,Henry Walker,https://basketball.realgm.com/player/Henry-Walker/Summary/814
4083,Stefhon Hannah,https://basketball.realgm.com/player/Stefhon-Hannah/Summary/4083
122,Loukas Mavrokefalidis,https://basketball.realgm.com/player/Loukas-Mavrokefalidis/Summary/122
5715,Josh Harrellson,https://basketball.realgm.com/player/Josh-Harrellson/Summary/5715
2359,Durrell Summers,https://basketball.realgm.com/player/Durrell-Summers/Summary/2359
4086,Nate Carter,https://basketball.realgm.com/player/Nate-Carter/Summary/4086
12772,Nick Stallings,https://basketball.realgm.com/player/Nick-Stallings/Summary/12772
22472,Jaron Jones,https://basketball.realgm.com/player/Jaron-Jones/Summary/22472
44825,Thanasis Zafiris,https://basketball.realgm.com/player/Thanasis-Zafiris/Summary/44825
11460,Calvin Cage,https://basketball.realgm.com/player/Calvin-Cage/Summary/11460
29716,Danilo Sibalic,https://basketball.realgm.com/player/Danilo-Sibalic/Summary/29716
44825,Thanasis Zafiris,https://basketball.realgm.com/player/Thanasis-Zafiris/Summary/44825
26555,Alexander Zakharov,https://basketball.realgm.com/player/Alexander-Zakharov/Summary/26555
46497,Hector Aguilar,https://basketball.realgm.com/player/Hector-Aguilar/Summary/46497
49133,Filip Krajina,https://basketball.realgm.com/player/Filip-Krajina/Summary/49133
26544,Tomas Dimsa,https://basketball.realgm.com/player/Tomas-Dimsa/Summary/26544
26544,Tomas Dimsa,https://basketball.realgm.com/player/Tomas-Dimsa/Summary/26544
17744,Genesis Maciel,https://basketball.realgm.com/player/Genesis-Maciel/Summary/17744
6933,Kyle Austin,https://basketball.realgm.com/player/Kyle-Austin/Summary/6933
29695,Stephane Moris,https://basketball.realgm.com/player/Stephane-Moris/Summary/29695
43760,Zoltan Perl,https://basketball.realgm.com/player/Zoltan-Perl/Summary/43760
5268,R.T. Guinn,https://basketball.realgm.com/player/RT-Guinn/Summary/5268
2053,Filiberto Rivera,https://basketball.realgm.com/player/Filiberto-Rivera/Summary/2053
43758,Benedek Varadi,https://basketball.realgm.com/player/Benedek-Varadi/Summary/43758
30289,Suad Sehovic,https://basketball.realgm.com/player/Suad-Sehovic/Summary/30289
20561,Miguel Bocachica,https://basketball.realgm.com/player/Miguel-Bocachica/Summary/20561
11644,Frank Monge,https://basketball.realgm.com/player/Frank-Monge/Summary/11644
2415,Angel Garcia,https://basketball.realgm.com/player/Angel-Garcia/Summary/2415
8820,Hector Hernandez,https://basketball.realgm.com/player/Hector-Hernandez/Summary/8820
50897,Maksym Lutsenko,https://basketball.realgm.com/player/Maksym-Lutsenko/Summary/50897
2053,Filiberto Rivera,https://basketball.realgm.com/player/Filiberto-Rivera/Summary/2053
25488,Cedric Ferchaud,https://basketball.realgm.com/player/Cedric-Ferchaud/Summary/25488
8532,Mitchell Young,https://basketball.realgm.com/player/Mitchell-Young/Summary/8532
27611,Anthony Racine,https://basketball.realgm.com/player/Anthony-Racine/Summary/27611
16103,Akeem Scott,https://basketball.realgm.com/player/Akeem-Scott/Summary/16103
3256,Champ Oguchi,https://basketball.realgm.com/player/Champ-Oguchi/Summary/3256
3695,Luke Loucks,https://basketball.realgm.com/player/Luke-Loucks/Summary/3695
50722,Marcus Jackson,https://basketball.realgm.com/player/Marcus-Jackson/Summary/50722
13361,Adris DeLeon,https://basketball.realgm.com/player/Adris-DeLeon/Summary/13361
34253,Brian McGee,https://basketball.realgm.com/player/Brian-McGee/Summary/34253
50700,Lavese Jones,https://basketball.realgm.com/player/Lavese-Jones/Summary/50700
50701,Glen Hollis,https://basketball.realgm.com/player/Glen-Hollis/Summary/50701
50702,Justin Taylor,https://basketball.realgm.com/player/Justin-Taylor/Summary/50702
41553,Itrelle Lambert,https://basketball.realgm.com/player/Itrelle-Lambert/Summary/41553
8640,Dontae Bryant,https://basketball.realgm.com/player/Dontae-Bryant/Summary/8640
6778,Joevan Catron,https://basketball.realgm.com/player/Joevan-Catron/Summary/6778
6388,Donald Copeland,https://basketball.realgm.com/player/Donald-Copeland/Summary/6388
2750,Chris Massie,https://basketball.realgm.com/player/Chris-Massie/Summary/2750
40223,Darryl Jones,https://basketball.realgm.com/player/Darryl-Jones/Summary/40223
50703,Juan Ramon Quintero,https://basketball.realgm.com/player/Juan-Ramon-Quintero/Summary/50703
40580,Jose Durazo,https://basketball.realgm.com/player/Jose-Durazo/Summary/40580
8711,Parish Petty,https://basketball.realgm.com/player/Parish-Petty/Summary/8711
3484,Raymond Sykes,https://basketball.realgm.com/player/Raymond-Sykes/Summary/3484
50714,Phillip Harris,https://basketball.realgm.com/player/Phillip-Harris/Summary/50714
50713,Alberto Valer,https://basketball.realgm.com/player/Alberto-Valer/Summary/50713
26397,Juan Favela,https://basketball.realgm.com/player/Juan-Favela/Summary/26397
20412,Anthony Winchester,https://basketball.realgm.com/player/Anthony-Winchester/Summary/20412
88,Mardy Collins,https://basketball.realgm.com/player/Mardy-Collins/Summary/88
29839,Aleksandar Marelja,https://basketball.realgm.com/player/Aleksandar-Marelja/Summary/29839
27874,Rolands Smits,https://basketball.realgm.com/player/Rolands-Smits/Summary/27874
50711,Adrian Mendez,https://basketball.realgm.com/player/Adrian-Mendez/Summary/50711
50697,Georgiy Lachev,https://basketball.realgm.com/player/Georgiy-Lachev/Summary/50697
29666,Niels Marnegrave,https://basketball.realgm.com/player/Niels-Marnegrave/Summary/29666
32945,Alessandro Guagliardi,https://basketball.realgm.com/player/Alessandro-Guagliardi/Summary/32945
29657,Pierre-Antoine Gillet,https://basketball.realgm.com/player/Pierre-Antoine-Gillet/Summary/29657
23557,Garrius Holloman,https://basketball.realgm.com/player/Garrius-Holloman/Summary/23557
50610,Edgardo Castro,https://basketball.realgm.com/player/Edgardo-Castro/Summary/50610
463,Ndudi Ebi,https://basketball.realgm.com/player/Ndudi-Ebi/Summary/463
2065,Anthony Lever-Pedroza,https://basketball.realgm.com/player/Anthony-Lever-Pedroza/Summary/2065
5506,Tony Mitchell,https://basketball.realgm.com/player/Tony-Mitchell/Summary/5506
718,Daniel Santiago,https://basketball.realgm.com/player/Daniel-Santiago/Summary/718
18039,Frank Turner,https://basketball.realgm.com/player/Frank-Turner/Summary/18039
335,Noel Felix,https://basketball.realgm.com/player/Noel-Felix/Summary/335
39573,Darren Phillip,https://basketball.realgm.com/player/Darren-Phillip/Summary/39573
1897,Vladimir Golubovic,https://basketball.realgm.com/player/Vladimir-Golubovic/Summary/1897
50501,Karim Rodriguez,https://basketball.realgm.com/player/Karim-Rodriguez/Summary/50501
49571,Nikola Jokic,https://basketball.realgm.com/player/Nikola-Jokic/Summary/49571
44801,Spyros Magounis,https://basketball.realgm.com/player/Spyros-Magounis/Summary/44801
11640,Ramel Curry,https://basketball.realgm.com/player/Ramel-Curry/Summary/11640
27933,Vadym Prokopenko,https://basketball.realgm.com/player/Vadym-Prokopenko/Summary/27933
50498,Jakov Sarac,https://basketball.realgm.com/player/Jakov-Sarac/Summary/50498
41582,Dragan Bender,https://basketball.realgm.com/player/Dragan-Bender/Summary/41582
50500,George Le'afa,https://basketball.realgm.com/player/George-Leafa/Summary/50500
40686,Mugabe Thomas,https://basketball.realgm.com/player/Mugabe-Thomas/Summary/40686
40625,Christian Rojo,https://basketball.realgm.com/player/Christian-Rojo/Summary/40625
3808,J.R. Reynolds,https://basketball.realgm.com/player/JR-Reynolds/Summary/3808
31402,Jason Westrol,https://basketball.realgm.com/player/Jason-Westrol/Summary/31402
1055,Renaldo Major,https://basketball.realgm.com/player/Renaldo-Major/Summary/1055
10783,Kevin Lisch,https://basketball.realgm.com/player/Kevin-Lisch/Summary/10783
44470,Desmond Quincy-Jones,https://basketball.realgm.com/player/Desmond-Quincy-Jones/Summary/44470
2917,Shawn Redhage,https://basketball.realgm.com/player/Shawn-Redhage/Summary/2917
